{"cameraMode":{"drawMode":0,"name":"Shaded","section":"Shading Mode"},"sceneLighting":false,"audioPlay":false,"sceneViewState":{"showFog":true,"showMaterialUpdate":false,"showSkybox":true,"showFlares":true,"showImageEffects":true,"showParticleSystems":true},"in2DMode":false,"pivot":{"x":-0.6092376708984375,"y":0.5945682525634766,"z":3.9169845581054689},"rotation":{"x":-0.09407988935709,"y":0.11086726933717728,"z":-0.010544374585151673,"w":-0.9893290996551514},"size":10.545538902282715,"orthographic":false}